AGE,VersatilityRating,MatchupDifficulty,CraftedDPM,PLAYER_NAME,TEAM_ABBREVIATION,POSITION,source,season
31,100.0,84.5,1.6 87%,Dorian Finney-Smith,LAL,SF,craftednba,2024-25
25,99.8,69.3,1.7 87%,Jarred Vanderbilt,LAL,PF,craftednba,2024-25
29,99.6,83.5,0.5 70%,Dillon Brooks,HOU,SF,craftednba,2024-25
29,99.3,37.0,2.1 93%,Jae'Sean Tate,HOU,PF,craftednba,2024-25
21,99.1,88.0,-0.3 44%,Jeremy Sochan,SAS,PF,craftednba,2024-25
24,98.9,54.7,-0.2 46%,Kessler Edwards,DAL,SF,craftednba,2024-25
23,98.7,55.9,1.2 81%,Jalen Williams,OKC,SG,craftednba,2024-25
23,98.4,63.1,2.5 96%,Tari Eason,HOU,PF,craftednba,2024-25
29,98.2,75.3,1.8 88%,Cody Martin,PHX,SF,craftednba,2024-25
22,98.0,47.7,-0.1 50%,Olivier-Maxence Prosper,DAL,PF,craftednba,2024-25
20,97.8,21.9,0.9 74%,Jordan Walsh,BOS,SF,craftednba,2024-25
30,97.5,39.0,1.7 89%,Kenrich Williams,OKC,SF,craftednba,2024-25
23,97.3,56.5,0.2 61%,Justin Champagnie,WAS,SF,craftednba,2024-25
26,97.1,50.2,0.7 72%,Jayson Tatum,BOS,SF,craftednba,2024-25
36,96.9,49.8,2.1 92%,Nicolas Batum,LAC,SF,craftednba,2024-25
29,96.6,72.2,-0.6 31%,Kelly Oubre Jr.,PHI,SF,craftednba,2024-25
27,96.4,66.2,0 50%,Naji Marshall,DAL,SF,craftednba,2024-25
26,96.2,76.5,1.1 78%,P.J. Washington,DAL,PF,craftednba,2024-25
22,96.0,69.5,1.1 79%,Peyton Watson,DEN,SF,craftednba,2024-25
27,95.7,67.2,-1 20%,Lauri Markkanen,UTA,PF,craftednba,2024-25
30,95.5,73.7,3.9 100%,Alex Caruso,OKC,PG,craftednba,2024-25
28,95.3,62.0,2.3 95%,Dean Wade,CLE,PF,craftednba,2024-25
34,95.1,52.2,-0.7 34%,Torrey Craig,BOS,PF,craftednba,2024-25
23,94.8,45.1,0.1 50%,Jaime Jaquez Jr.,MIA,SF,craftednba,2024-25
31,94.6,67.4,0.7 77%,Javonte Green,CLE,SF,craftednba,2024-25
21,94.4,44.6,0.1 60%,Jabari Smith Jr.,HOU,PF,craftednba,2024-25
26,94.2,72.2,2.7 97%,Herbert Jones,NOP,SF,craftednba,2024-25
24,93.9,51.5,0.2 64%,Deni Avdija,POR,SF,craftednba,2024-25
24,93.7,35.5,-0.1 45%,Trendon Watford,BKN,PF,craftednba,2024-25
38,93.5,41.4,-1.2 10%,Jeff Green,HOU,PF,craftednba,2024-25
23,93.3,39.4,0 53%,Tosan Evbuomwan,BKN,SF,craftednba,2024-25
22,93.0,84.0,2.6 97%,Ausar Thompson,DET,SF,craftednba,2024-25
24,92.8,45.2,1.2 82%,Zeke Nnaji,DEN,PF,craftednba,2024-25
32,92.6,30.5,-0.3 41%,Anthony Gill,WAS,PF,craftednba,2024-25
20,92.4,36.7,-0.9 12%,Cam Whitmore,HOU,SF,craftednba,2024-25
24,92.2,94.3,1.9 92%,Toumani Camara,POR,PF,craftednba,2024-25
33,91.9,62.6,0.7 75%,Maxi Kleber,LAL,C,craftednba,2024-25
23,91.7,17.9,0.1 66%,Dillon Jones,OKC,SF,craftednba,2024-25
27,91.5,52.7,0.1 62%,John Collins,UTA,PF,craftednba,2024-25
20,91.3,44.2,-0.6 28%,Noah Clowney,BKN,PF,craftednba,2024-25
26,91.0,76.6,2 94%,Josh Okogie,CHA,SF,craftednba,2024-25
22,90.8,89.9,-0.1 54%,Ryan Dunn,PHX,PF,craftednba,2024-25
23,90.6,38.0,-0.6 28%,Tristan da Silva,ORL,PF,craftednba,2024-25
28,90.4,69.8,-0.7 22%,Jaylen Brown,BOS,SF,craftednba,2024-25
31,90.1,42.2,1.5 88%,Kyle Anderson,MIA,PF,craftednba,2024-25
28,89.9,51.0,1.2 81%,Ben Simmons,LAC,PF,craftednba,2024-25
35,89.7,53.0,0.4 70%,James Harden,LAC,SG,craftednba,2024-25
35,89.5,66.0,0.9 80%,Jimmy Butler III,GSW,SF,craftednba,2024-25
24,89.2,86.1,1.7 88%,Jaden McDaniels,MIN,SF,craftednba,2024-25
22,89.0,42.0,0.5 70%,Gui Santos,GSW,PF,craftednba,2024-25
24,88.8,81.2,0.1 67%,Keegan Murray,SAC,PF,craftednba,2024-25
29,88.6,79.8,0.3 63%,Caleb Martin,DAL,SF,craftednba,2024-25
21,88.3,43.6,0.7 74%,Nikola Jović,MIA,PF,craftednba,2024-25
40,88.1,49.9,0.1 57%,LeBron James,LAL,PF,craftednba,2024-25
27,87.9,49.8,-0.4 23%,DaQuan Jeffries,CHA,SG,craftednba,2024-25
23,87.7,50.8,0.8 78%,Jonathan Mogbo,TOR,PF,craftednba,2024-25
26,87.4,63.7,0.1 59%,Rui Hachimura,LAL,PF,craftednba,2024-25
33,87.2,52.4,1.7 90%,Kawhi Leonard,LAC,SF,craftednba,2024-25
24,87.0,41.2,0.7 78%,Kris Murray,POR,PF,craftednba,2024-25
25,86.8,41.1,-0.4 31%,Jamal Cain,NOP,SF,craftednba,2024-25
25,86.5,44.3,1.2 83%,Luka Dončić,LAL,SF,craftednba,2024-25
24,86.3,38.8,-1.3 10%,Jeremiah Robinson-Earl,NOP,PF,craftednba,2024-25
24,86.1,81.7,0 54%,Ochai Agbaji,TOR,SG,craftednba,2024-25
26,85.9,54.0,1 77%,Jordan Goodwin,LAL,PG,craftednba,2024-25
23,85.7,51.9,-0.5 26%,Cade Cunningham,DET,SG,craftednba,2024-25
29,85.4,64.6,0.5 69%,Aaron Gordon,DEN,PF,craftednba,2024-25
34,85.2,79.9,1.4 87%,Jrue Holiday,BOS,PG,craftednba,2024-25
29,85.0,68.4,-0.1 47%,Danté Exum,DAL,SG,craftednba,2024-25
20,84.8,50.9,-1.6 7%,GG Jackson,MEM,PF,craftednba,2024-25
24,84.5,65.8,-1 18%,Trey Murphy III,NOP,SF,craftednba,2024-25
21,84.3,53.3,0.6 74%,Kyshawn George,WAS,SF,craftednba,2024-25
27,84.1,62.9,-1.1 13%,De'Andre Hunter,CLE,SF,craftednba,2024-25
24,83.9,52.2,-1.2 15%,Jalen Wilson,BKN,SF,craftednba,2024-25
28,83.6,79.9,1.6 86%,Haywood Highsmith,MIA,SF,craftednba,2024-25
26,83.4,42.7,-0.2 43%,Aaron Wiggins,OKC,SG,craftednba,2024-25
20,83.2,44.4,0 55%,Matas Buzelis,CHI,PF,craftednba,2024-25
30,83.0,75.8,-0.5 36%,Jerami Grant,POR,PF,craftednba,2024-25
20,82.7,56.0,-1.1 16%,Cody Williams,UTA,SF,craftednba,2024-25
31,82.5,66.0,0.7 69%,Royce O'Neale,PHX,SF,craftednba,2024-25
24,82.3,50.1,-0.6 21%,KJ Martin,UTA,SF,craftednba,2024-25
26,82.1,36.9,-0.1 44%,Micah Potter,UTA,C,craftednba,2024-25
21,81.8,58.4,-1.9 2%,Justin Edwards,PHI,SF,craftednba,2024-25
19,81.6,36.4,0 41%,Tidjane Salaün,CHA,PF,craftednba,2024-25
25,81.4,43.5,-2.1 3%,Keldon Johnson,SAS,SF,craftednba,2024-25
25,81.2,96.8,1.2 82%,Luguentz Dort,OKC,SG,craftednba,2024-25
23,80.9,71.8,-0.3 43%,Ziaire Williams,BKN,SF,craftednba,2024-25
27,80.7,83.0,1.1 82%,Derrick Jones Jr.,LAC,PF,craftednba,2024-25
34,80.5,46.6,-0.6 31%,Reggie Jackson,,PG,craftednba,2024-25
34,80.3,48.8,1.6 88%,Paul George,PHI,SF,craftednba,2024-25
23,80.0,39.2,-1.2 13%,Ricky Council IV,PHI,SG,craftednba,2024-25
25,79.8,31.7,-0.3 39%,Dalano Banton,POR,SG,craftednba,2024-25
21,79.6,20.5,0.3 65%,Ousmane Dieng,OKC,SF,craftednba,2024-25
22,79.4,23.9,1 79%,Josh Minott,MIN,PF,craftednba,2024-25
23,79.1,55.3,0 58%,Anthony Edwards,MIN,SG,craftednba,2024-25
24,78.9,37.0,-0.6 29%,Talen Horton-Tucker,CHI,SG,craftednba,2024-25
25,78.7,22.7,0.2 48%,Sandro Mamukelashvili,SAS,PF,craftednba,2024-25
29,78.5,44.1,0.2 62%,Trey Lyles,SAC,PF,craftednba,2024-25
24,78.3,70.5,0.8 77%,Isaac Okoro,CLE,SF,craftednba,2024-25
19,78.0,42.7,0.2 61%,Ronald Holland II,DET,SG,craftednba,2024-25
36,77.8,65.6,-0.8 19%,Russell Westbrook,DEN,PG,craftednba,2024-25
26,77.6,43.8,1.8 89%,Shai Gilgeous-Alexander,OKC,PG,craftednba,2024-25
36,77.4,45.9,-0.9 20%,Eric Gordon,PHI,SG,craftednba,2024-25
28,77.1,57.1,-0.8 24%,Bruce Brown,NOP,SG,craftednba,2024-25
38,76.9,61.4,2.2 94%,Al Horford,BOS,C,craftednba,2024-25
29,76.7,50.2,1.2 83%,Josh Hart,NYK,SF,craftednba,2024-25
19,76.5,50.0,-1.7 3%,Zaccharie Risacher,ATL,SF,craftednba,2024-25
30,76.2,65.2,-0.3 35%,Taurean Prince,MIL,SF,craftednba,2024-25
23,76.0,65.4,1 80%,Scottie Barnes,TOR,SF,craftednba,2024-25
32,75.8,30.9,-0.1 51%,Chris Boucher,TOR,C,craftednba,2024-25
23,75.6,57.0,-0.6 27%,Julian Champagnie,SAS,SF,craftednba,2024-25
24,75.3,47.8,0.2 49%,Santi Aldama,MEM,PF,craftednba,2024-25
20,75.1,96.2,-0.9 21%,Bilal Coulibaly,WAS,SF,craftednba,2024-25
25,74.9,78.1,0.5 68%,Cam Reddish,LAL,SF,craftednba,2024-25
22,74.7,58.4,0.1 63%,Moses Moody,GSW,SG,craftednba,2024-25
22,74.4,84.1,2.4 98%,Amen Thompson,HOU,SF,craftednba,2024-25
31,74.2,34.6,-1.2 8%,Georges Niang,ATL,PF,craftednba,2024-25
22,74.0,22.5,-0.4 27%,Maxwell Lewis,BKN,SG,craftednba,2024-25
29,73.8,64.3,-1 12%,Kyle Kuzma,MIL,PF,craftednba,2024-25
29,73.5,84.3,-0.5 36%,Andrew Wiggins,MIA,SF,craftednba,2024-25
30,73.3,86.8,2.9 98%,Kris Dunn,LAC,PG,craftednba,2024-25
26,73.1,41.4,-0.7 23%,Michael Porter Jr.,DEN,PF,craftednba,2024-25
25,72.9,32.4,-0.6 26%,Jordan Miller,LAC,SF,craftednba,2024-25
28,72.6,52.4,-0.7 24%,Cameron Johnson,BKN,PF,craftednba,2024-25
25,72.4,31.1,0.8 76%,Neemias Queta,BOS,C,craftednba,2024-25
25,72.2,25.0,-0.1 47%,Kobe Brown,LAC,PF,craftednba,2024-25
24,72.0,50.3,0.2 67%,Kevin Porter Jr.,MIL,SG,craftednba,2024-25
27,71.7,52.2,-0.6 20%,Svi Mykhailiuk,UTA,SG,craftednba,2024-25
23,71.5,30.0,-0.4 33%,Wendell Moore Jr.,CHA,SG,craftednba,2024-25
24,71.3,26.1,-0.8 22%,Hunter Tyson,DEN,PF,craftednba,2024-25
22,71.1,51.4,-0.5 36%,Josh Giddey,CHI,SF,craftednba,2024-25
22,70.9,27.3,0.1 59%,Jabari Walker,POR,PF,craftednba,2024-25
22,70.6,42.8,0.1 53%,Johnny Davis,,SG,craftednba,2024-25
21,70.4,42.5,-0.1 61%,Julian Phillips,CHI,SF,craftednba,2024-25
30,70.2,66.1,0.7 75%,Marcus Smart,WAS,PG,craftednba,2024-25
29,70.0,36.0,-0.5 31%,Simone Fontecchio,DET,PF,craftednba,2024-25
22,69.7,22.8,-0.6 33%,Jaylon Tyson,CLE,SG,craftednba,2024-25
31,69.5,51.5,-1 16%,Spencer Dinwiddie,DAL,PG,craftednba,2024-25
28,69.3,56.3,-1.3 9%,Terance Mann,ATL,SF,craftednba,2024-25
32,69.1,38.2,-0.3 34%,Pat Connaughton,MIL,SG,craftednba,2024-25
22,68.8,56.6,-0.5 38%,Jonathan Kuminga,GSW,SF,craftednba,2024-25
25,68.6,40.1,1.4 81%,Naz Reid,MIN,C,craftednba,2024-25
32,68.4,58.0,-1.7 7%,Harrison Barnes,SAS,PF,craftednba,2024-25
27,68.2,49.5,3 99%,Jonathan Isaac,ORL,PF,craftednba,2024-25
23,67.9,38.7,-0.6 26%,David Roddy,HOU,PF,craftednba,2024-25
34,67.7,57.6,-1.6 6%,Klay Thompson,DAL,SG,craftednba,2024-25
21,67.5,44.3,0.2 63%,Jarace Walker,IND,PF,craftednba,2024-25
23,67.3,48.9,-1.4 6%,Johnny Juzang,UTA,SG,craftednba,2024-25
20,67.0,49.1,-1.8 4%,Jared McCain,PHI,SG,craftednba,2024-25
23,66.8,40.0,-2 2%,Dalton Knecht,LAL,SF,craftednba,2024-25
21,66.6,34.8,-2.7 1%,Brice Sensabaugh,UTA,SF,craftednba,2024-25
33,66.4,41.0,0.9 75%,Kelly Olynyk,NOP,C,craftednba,2024-25
24,66.1,58.3,0.1 56%,Zion Williamson,NOP,PF,craftednba,2024-25
28,65.9,41.5,1.4 86%,Brandon Clarke,MEM,PF,craftednba,2024-25
24,65.7,36.8,-1 18%,Isaac Jones,SAC,PF,craftednba,2024-25
23,65.5,67.6,-0.4 45%,Patrick Williams,CHI,SF,craftednba,2024-25
29,65.2,45.7,2.3 96%,Kristaps Porziņģis,BOS,C,craftednba,2024-25
34,65.0,57.3,4.5 100%,Draymond Green,GSW,PF,craftednba,2024-25
23,64.8,61.0,0.9 79%,Franz Wagner,ORL,SF,craftednba,2024-25
33,64.6,36.8,-0.1 52%,Khris Middleton,WAS,SF,craftednba,2024-25
25,64.3,28.8,0.4 66%,Bol Bol,PHX,C,craftednba,2024-25
29,64.1,61.6,-1.3 7%,Zach LaVine,SAC,SG,craftednba,2024-25
23,63.9,49.3,2.2 94%,Evan Mobley,CLE,PF,craftednba,2024-25
26,63.7,54.7,-0.6 23%,Miles Bridges,CHA,SF,craftednba,2024-25
26,63.5,34.5,-1.2 12%,Obi Toppin,IND,PF,craftednba,2024-25
27,63.2,73.8,1.4 85%,OG Anunoby,NYK,SF,craftednba,2024-25
25,63.0,44.1,-0.8 22%,Tyrese Martin,BKN,SG,craftednba,2024-25
23,62.8,17.7,-0.2 45%,Marcus Bagley,PHI,SF,craftednba,2024-25
25,62.6,51.3,2.1 93%,Jaren Jackson Jr.,MEM,PF,craftednba,2024-25
28,62.3,49.7,-0.2 47%,D'Angelo Russell,BKN,PG,craftednba,2024-25
23,62.1,54.6,0.3 65%,Pelle Larsson,MIA,SG,craftednba,2024-25
24,61.9,17.6,-0.1 44%,Colin Castleton,,C,craftednba,2024-25
30,61.7,54.9,-0.2 46%,Caris LeVert,ATL,SF,craftednba,2024-25
27,61.4,57.6,2.3 98%,Matisse Thybulle,POR,SF,craftednba,2024-25
22,61.2,30.1,1.8 91%,Mouhamed Gueye,ATL,C,craftednba,2024-25
20,61.0,31.8,-1.3 17%,Rayan Rupert,POR,SG,craftednba,2024-25
31,60.8,49.3,-0.7 27%,Buddy Hield,GSW,SG,craftednba,2024-25
22,60.5,39.7,-1.8 3%,Jaden Hardy,DAL,SG,craftednba,2024-25
28,60.3,37.2,-0.7 28%,Shake Milton,LAL,SG,craftednba,2024-25
27,60.1,55.0,-1.2 15%,Jamal Murray,DEN,PG,craftednba,2024-25
21,59.9,44.2,-2.1 4%,Shaedon Sharpe,POR,SG,craftednba,2024-25
23,59.6,73.3,0.1 59%,Jaylen Clark,MIN,SG,craftednba,2024-25
24,59.4,33.3,-0.5 34%,Terrence Shannon Jr.,MIN,SG,craftednba,2024-25
21,59.2,59.3,1.7 89%,Brandin Podziemski,GSW,SG,craftednba,2024-25
29,59.0,35.5,2.4 95%,Luke Kornet,BOS,C,craftednba,2024-25
26,58.7,60.8,-2.7 1%,Collin Sexton,UTA,PG,craftednba,2024-25
27,58.5,41.2,-0.8 25%,Jeff Dowtin Jr.,PHI,PG,craftednba,2024-25
22,58.3,45.4,-2.6 1%,Jordan Hawkins,NOP,SG,craftednba,2024-25
28,58.1,56.0,-1.9 3%,Devin Booker,PHX,SG,craftednba,2024-25
21,57.8,73.2,-0.6 24%,Max Christie,DAL,SG,craftednba,2024-25
27,57.6,42.8,0.1 59%,Sam Hauser,BOS,SF,craftednba,2024-25
38,57.4,41.9,1.3 83%,Kyle Lowry,PHI,PG,craftednba,2024-25
23,57.2,46.0,-1.8 5%,LaMelo Ball,CHA,PG,craftednba,2024-25
24,57.0,87.2,-0.1 52%,Vince Williams Jr.,MEM,SG,craftednba,2024-25
22,56.7,41.7,0.9 74%,Jaden Springer,UTA,SG,craftednba,2024-25
30,56.5,48.2,2.3 96%,Giannis Antetokounmpo,MIL,PF,craftednba,2024-25
22,56.3,34.6,0.4 63%,Colby Jones,WAS,SG,craftednba,2024-25
32,56.1,51.2,1.6 86%,Tobias Harris,DET,PF,craftednba,2024-25
23,55.8,69.0,-0.7 26%,Brandon Boston Jr.,NOP,SG,craftednba,2024-25
23,55.6,51.6,0.2 64%,Jake LaRavia,SAC,SF,craftednba,2024-25
27,55.4,56.3,0.7 72%,Trevelin Queen,ORL,SG,craftednba,2024-25
25,55.2,61.4,-0.4 38%,Aaron Nesmith,IND,SF,craftednba,2024-25
26,54.9,49.2,0.2 63%,Kevin Huerter,CHI,SG,craftednba,2024-25
28,54.7,47.1,1.7 87%,John Konchar,MEM,SF,craftednba,2024-25
39,54.5,42.0,0.8 74%,Chris Paul,SAS,PG,craftednba,2024-25
21,54.3,42.8,-0.6 24%,Kyle Filipowski,UTA,PF,craftednba,2024-25
32,54.0,64.7,-0.9 17%,Malcolm Brogdon,WAS,PG,craftednba,2024-25
28,53.8,69.0,0 57%,Max Strus,CLE,SG,craftednba,2024-25
31,53.6,82.3,-1.6 9%,Bradley Beal,PHX,SG,craftednba,2024-25
21,53.4,35.8,-0.9 10%,Jalen Hood-Schifino,PHI,PG,craftednba,2024-25
33,53.1,53.2,-1.8 4%,CJ McCollum,NOP,SG,craftednba,2024-25
21,52.9,71.9,1.5 86%,Cason Wallace,OKC,PG,craftednba,2024-25
27,52.7,41.8,-0.4 36%,Ty Jerome,CLE,PG,craftednba,2024-25
26,52.5,62.1,-1 17%,Austin Reaves,LAL,SG,craftednba,2024-25
27,52.2,46.4,-0.7 25%,Brandon Ingram,TOR,SF,craftednba,2024-25
24,52.0,41.3,0.2 55%,Vít Krejčí,ATL,SF,craftednba,2024-25
24,51.8,68.4,-1 11%,Damion Baugh,CHA,SG,craftednba,2024-25
24,51.6,56.7,-1.7 6%,Tyrese Maxey,PHI,PG,craftednba,2024-25
27,51.3,55.7,-1.2 11%,Amir Coffey,LAC,SF,craftednba,2024-25
25,51.1,33.0,-2.6 1%,Corey Kispert,WAS,SF,craftednba,2024-25
30,50.9,44.5,0 51%,Elfrid Payton,NOP,PG,craftednba,2024-25
26,50.7,61.9,0.1 53%,Desmond Bane,MEM,SG,craftednba,2024-25
22,50.4,23.4,-0.6 34%,Caleb Houstan,ORL,SG,craftednba,2024-25
24,50.2,15.3,-0.1 57%,Baylor Scheierman,BOS,SG,craftednba,2024-25
31,50.0,41.5,-1.1 14%,Vasilije Micić,PHX,PG,craftednba,2024-25
30,49.8,56.2,-0.7 28%,Julius Randle,MIN,PF,craftednba,2024-25
24,49.6,59.3,-0.9 15%,Quentin Grimes,PHI,SG,craftednba,2024-25
20,49.3,62.1,-1.3 9%,Isaiah Collier,UTA,PG,craftednba,2024-25
24,49.1,54.1,-1.7 8%,RJ Barrett,TOR,SF,craftednba,2024-25
21,48.9,63.1,1.2 85%,Anthony Black,ORL,PG,craftednba,2024-25
35,48.7,35.7,-1 16%,DeMar DeRozan,SAC,SF,craftednba,2024-25
21,48.4,29.0,-2.2 2%,Malaki Branham,SAS,SG,craftednba,2024-25
24,48.2,38.9,-0.6 29%,Jared Butler,PHI,SG,craftednba,2024-25
22,48.0,59.9,0.6 76%,Dalen Terry,CHI,SG,craftednba,2024-25
25,47.8,41.1,0 52%,Jalen Pickett,DEN,PG,craftednba,2024-25
32,47.5,39.4,-0.1 54%,Bogdan Bogdanović,LAC,SG,craftednba,2024-25
28,47.3,42.1,0.2 66%,Donovan Mitchell,CLE,SG,craftednba,2024-25
30,47.1,49.2,0.4 69%,Pascal Siakam,IND,PF,craftednba,2024-25
22,46.9,33.3,0.4 68%,Ajay Mitchell,OKC,SG,craftednba,2024-25
22,46.6,52.3,-1.2 14%,Brandon Miller,CHA,SF,craftednba,2024-25
20,46.4,44.5,-1.7 5%,Scoot Henderson,POR,PG,craftednba,2024-25
32,46.2,66.9,-0.5 38%,Kyrie Irving,DAL,PG,craftednba,2024-25
27,46.0,78.1,1.9 91%,Lonzo Ball,CHI,PG,craftednba,2024-25
24,45.7,93.7,0 56%,Josh Green,CHA,SG,craftednba,2024-25
20,45.5,48.3,-2.7 4%,Nick Smith Jr.,CHA,SG,craftednba,2024-25
22,45.3,70.3,-0.6 24%,Keon Johnson,BKN,SG,craftednba,2024-25
28,45.1,66.3,0.2 59%,Gabe Vincent,LAL,SG,craftednba,2024-25
30,44.8,64.2,1.6 88%,Derrick White,BOS,SG,craftednba,2024-25
25,44.6,51.1,0 67%,AJ Green,MIL,SG,craftednba,2024-25
21,44.4,95.6,1.8 91%,Dyson Daniels,ATL,SG,craftednba,2024-25
25,44.2,43.3,-2.4 2%,Anfernee Simons,POR,PG,craftednba,2024-25
22,43.9,53.2,-1.5 8%,Bennedict Mathurin,IND,SF,craftednba,2024-25
25,43.7,38.7,-1.7 5%,Jordan Poole,WAS,SG,craftednba,2024-25
28,43.5,33.0,-0.3 40%,Pat Spencer,GSW,SG,craftednba,2024-25
28,43.3,84.0,-0.8 22%,Dejounte Murray,NOP,PG,craftednba,2024-25
22,43.0,48.4,-1.7 5%,Jalen Green,HOU,SG,craftednba,2024-25
31,42.6,48.4,-0.3 46%,Norman Powell,LAC,SG,craftednba,2024-25
25,42.4,42.9,-1.9 4%,Coby White,CHI,PG,craftednba,2024-25
27,42.2,51.4,-0.2 40%,Lindy Waters III,DET,SG,craftednba,2024-25
36,41.9,49.9,-0.4 39%,Kevin Durant,PHX,PF,craftednba,2024-25
36,41.7,40.9,-0.9 20%,Stephen Curry,GSW,PG,craftednba,2024-25
32,41.5,53.9,-2.5 1%,Jordan Clarkson,UTA,SG,craftednba,2024-25
22,41.3,48.4,-0.6 30%,Paolo Banchero,ORL,PF,craftednba,2024-25
26,41.0,64.9,0.2 62%,Grant Williams,CHA,PF,craftednba,2024-25
29,40.8,44.7,-0.7 23%,Grayson Allen,PHX,SG,craftednba,2024-25
24,40.6,53.7,-1.3 10%,Devin Vassell,SAS,SG,craftednba,2024-25
23,40.4,92.7,0 42%,Andre Jackson Jr.,MIL,SF,craftednba,2024-25
20,40.1,18.1,-0.9 12%,Dariq Whitehead,BKN,SG,craftednba,2024-25
22,39.9,52.6,-1.2 11%,KJ Simpson,CHA,PG,craftednba,2024-25
24,39.5,22.8,-0.3 42%,A.J. Lawson,TOR,SG,craftednba,2024-25
26,39.2,55.1,-0.6 34%,Quenton Jackson,IND,PG,craftednba,2024-25
25,39.0,37.9,0.1 60%,Isaiah Joe,OKC,SG,craftednba,2024-25
21,38.8,28.3,-1 14%,Jett Howard,ORL,SF,craftednba,2024-25
23,38.6,76.8,2.2 93%,Jalen Suggs,ORL,PG,craftednba,2024-25
20,38.3,37.5,0.2 56%,Reed Sheppard,HOU,PG,craftednba,2024-25
33,38.1,27.1,-2.2 2%,Doug McDermott,SAC,SF,craftednba,2024-25
25,37.9,58.3,0.1 48%,Ja Morant,MEM,PG,craftednba,2024-25
30,37.7,32.2,-0.7 25%,Duncan Robinson,MIA,SF,craftednba,2024-25
29,37.4,39.1,-0.1 47%,Bobby Portis,MIL,PF,craftednba,2024-25
24,37.2,26.8,-0.6 21%,Keion Brooks Jr.,NOP,SF,craftednba,2024-25
22,37.0,33.8,-1.7 6%,Julian Strawther,DEN,SF,craftednba,2024-25
32,36.8,60.2,-1.1 10%,Tim Hardaway Jr.,DET,SG,craftednba,2024-25
23,36.5,50.9,-0.9 20%,Tre Mann,CHA,PG,craftednba,2024-25
23,36.3,84.4,0 58%,Christian Braun,DEN,SF,craftednba,2024-25
21,36.1,50.3,-1.8 6%,Gradey Dick,TOR,SG,craftednba,2024-25
27,35.9,65.4,-0.6 29%,De'Aaron Fox,SAS,PG,craftednba,2024-25
20,35.7,87.8,-1.9 3%,Stephon Castle,SAS,SG,craftednba,2024-25
28,35.4,82.6,-0.2 45%,Mikal Bridges,NYK,SF,craftednba,2024-25
20,35.2,13.4,0.6 70%,Johnny Furphy,IND,SF,craftednba,2024-25
28,35.0,43.5,0.2 56%,Donte DiVincenzo,MIN,SG,craftednba,2024-25
26,34.8,65.2,0.7 73%,Nickeil Alexander-Walker,MIN,SG,craftednba,2024-25
25,34.5,79.2,-1 15%,Ayo Dosunmu,CHI,SG,craftednba,2024-25
25,34.3,42.7,0.2 62%,Precious Achiuwa,NYK,PF,craftednba,2024-25
19,34.1,58.8,-0.4 35%,Bub Carrington,WAS,SG,craftednba,2024-25
24,33.9,25.1,-1.4 9%,Antonio Reeves,NOP,SG,craftednba,2024-25
22,33.6,55.3,3.2 99%,Chet Holmgren,OKC,C,craftednba,2024-25
37,33.4,50.0,1.2 82%,Mike Conley,MIN,PG,craftednba,2024-25
28,33.2,34.1,-0.5 32%,Garrison Mathews,ATL,SG,craftednba,2024-25
28,33.0,39.4,-1.5 7%,Jalen Brunson,NYK,PG,craftednba,2024-25
24,32.7,35.3,-0.4 37%,Craig Porter Jr.,CLE,PG,craftednba,2024-25
33,32.5,38.4,0.2 60%,Alec Burks,MIA,SG,craftednba,2024-25
25,32.3,55.6,-0.2 30%,Collin Gillespie,PHX,PG,craftednba,2024-25
32,32.1,88.1,1.3 84%,Gary Payton II,GSW,SG,craftednba,2024-25
34,31.8,44.9,-1 19%,Damian Lillard,MIL,PG,craftednba,2024-25
31,31.6,76.8,1.8 91%,Kentavious Caldwell-Pope,ORL,SG,craftednba,2024-25
23,31.4,44.3,0.1 65%,Reece Beekman,BKN,PG,craftednba,2024-25
28,31.2,44.6,0.8 76%,Sam Merrill,CLE,SG,craftednba,2024-25
33,30.9,35.8,2.2 92%,Dwight Powell,DAL,C,craftednba,2024-25
28,30.7,52.2,-0.7 22%,Malik Beasley,DET,SG,craftednba,2024-25
29,30.5,26.3,0.9 77%,Jock Landale,HOU,C,craftednba,2024-25
36,30.3,39.9,-0.4 37%,Patty Mills,LAC,PG,craftednba,2024-25
30,30.0,74.0,1.9 91%,Fred VanVleet,HOU,PG,craftednba,2024-25
24,29.8,58.2,0.8 73%,Miles McBride,NYK,PG,craftednba,2024-25
32,29.6,45.8,1.2 82%,Larry Nance Jr.,ATL,C,craftednba,2024-25
23,29.4,50.0,0.6 71%,Moussa Diabaté,CHA,C,craftednba,2024-25
25,29.1,42.8,-1.4 11%,Tyler Herro,MIA,SG,craftednba,2024-25
24,28.7,49.4,0.4 66%,Cole Anthony,ORL,PG,craftednba,2024-25
34,28.5,40.5,-0.6 29%,Seth Curry,CHA,SG,craftednba,2024-25
26,28.3,66.7,1 72%,Jose Alvarado,NOP,PG,craftednba,2024-25
25,28.0,56.9,-0.9 16%,Darius Garland,CLE,PG,craftednba,2024-25
22,27.8,75.9,-1.8 5%,Jaden Ivey,DET,SG,craftednba,2024-25
23,27.6,53.1,1.8 90%,Jalen Johnson,ATL,PF,craftednba,2024-25
28,27.4,49.2,0.6 70%,Aaron Holiday,HOU,PG,craftednba,2024-25
29,27.1,38.2,-0.2 43%,Monté Morris,PHX,PG,craftednba,2024-25
27,26.9,53.8,-0.4 40%,Payton Pritchard,BOS,PG,craftednba,2024-25
28,26.7,39.8,-1.2 13%,Luke Kennard,MEM,SG,craftednba,2024-25
22,26.5,40.5,1.4 84%,Alperen Sengun,HOU,C,craftednba,2024-25
26,26.2,49.3,-1 13%,Malik Monk,SAC,SG,craftednba,2024-25
28,26.0,29.8,-0.8 20%,Duop Reath,POR,C,craftednba,2024-25
21,25.8,44.7,0.4 64%,Blake Wesley,SAS,PG,craftednba,2024-25
30,25.6,61.2,-1.1 15%,Terry Rozier,MIA,PG,craftednba,2024-25
26,25.3,35.6,-2.5 1%,Trae Young,ATL,PG,craftednba,2024-25
31,25.1,77.9,-0.7 26%,Dennis Schröder,DET,PG,craftednba,2024-25
21,24.9,96.4,-1.3 12%,Jaylen Wells,MEM,SF,craftednba,2024-25
20,24.7,29.6,-0.8 11%,AJ Johnson,WAS,SG,craftednba,2024-25
32,24.4,48.3,2 92%,Delon Wright,NYK,PG,craftednba,2024-25
27,24.2,37.9,-0.4 41%,Landry Shamet,NYK,SG,craftednba,2024-25
20,24.0,47.3,-0.7 33%,Ja'Kobe Walter,TOR,PG,craftednba,2024-25
23,23.8,27.3,-1.5 8%,Jamison Battle,TOR,SF,craftednba,2024-25
30,23.5,28.8,-0.2 55%,Cameron Payne,NYK,PG,craftednba,2024-25
25,23.3,48.5,-0.7 26%,Brandon Williams,DAL,PG,craftednba,2024-25
26,23.1,35.8,-1.5 7%,Lonnie Walker IV,PHI,SG,craftednba,2024-25
30,22.9,53.7,1.1 81%,Gary Harris,ORL,SG,craftednba,2024-25
29,22.6,50.2,-0.9 19%,Guerschon Yabusele,PHI,PF,craftednba,2024-25
26,22.4,31.0,0.2 66%,Jay Huff,MEM,C,craftednba,2024-25
25,22.2,63.6,0.4 68%,Tre Jones,CHI,PG,craftednba,2024-25
21,22.0,8.8,-0.2 31%,Tristan Vukcevic,WAS,C,craftednba,2024-25
22,21.7,46.5,1.3 84%,Oso Ighodaro,PHX,C,craftednba,2024-25
33,21.5,48.8,-0.1 55%,Cory Joseph,ORL,PG,craftednba,2024-25
24,21.3,33.6,-0.2 49%,Tyrese Haliburton,IND,PG,craftednba,2024-25
25,21.1,86.1,2.2 95%,Keon Ellis,SAC,SG,craftednba,2024-25
28,20.9,61.3,-2 4%,Tyus Jones,PHX,PG,craftednba,2024-25
26,20.6,39.0,1.1 80%,Mo Bamba,,C,craftednba,2024-25
27,20.4,62.0,1.3 84%,Dru Smith,MIA,SG,craftednba,2024-25
23,20.2,69.3,-0.6 35%,Ben Sheppard,IND,SG,craftednba,2024-25
21,20.0,29.2,-0.4 42%,Dominick Barlow,ATL,PF,craftednba,2024-25
36,19.7,46.1,0.5 69%,Kevin Love,MIA,PF,craftednba,2024-25
25,19.5,54.5,-0.1 51%,Immanuel Quickley,TOR,PG,craftednba,2024-25
20,19.3,60.4,2.5 97%,Dereck Lively II,DAL,C,craftednba,2024-25
22,19.1,61.2,-0.1 61%,Devin Carter,SAC,SG,craftednba,2024-25
20,18.8,39.7,-1.6 8%,Rob Dillingham,MIN,PG,craftednba,2024-25
24,18.6,74.9,1.8 90%,Scotty Pippen Jr.,MEM,PG,craftednba,2024-25
24,18.4,34.1,-0.6 35%,Quinten Post,GSW,C,craftednba,2024-25
24,18.2,53.8,-0.2 46%,Isaiah Wong,,SG,craftednba,2024-25
26,17.9,96.1,0.5 73%,Davion Mitchell,MIA,PG,craftednba,2024-25
27,17.7,34.3,0.4 68%,Moritz Wagner,ORL,C,craftednba,2024-25
32,17.5,50.4,-0.3 45%,T.J. McConnell,IND,PG,craftednba,2024-25
25,17.3,53.3,0 64%,Keaton Wallace,ATL,PG,craftednba,2024-25
25,17.0,100.0,0.6 71%,Andrew Nembhard,IND,PG,craftednba,2024-25
23,16.8,44.1,0.5 66%,Mark Williams,CHA,C,craftednba,2024-25
29,16.4,58.3,0.3 62%,Jevon Carter,CHI,PG,craftednba,2024-25
24,16.1,27.6,1.3 85%,Christian Koloko,LAL,C,craftednba,2024-25
22,15.9,57.4,-1.3 12%,Jamal Shead,TOR,PG,craftednba,2024-25
21,15.7,35.2,0.7 78%,Adem Bona,PHI,C,craftednba,2024-25
24,15.5,27.0,-0.8 23%,Cam Spencer,MEM,SG,craftednba,2024-25
30,15.2,40.4,2.2 95%,Joel Embiid,PHI,C,craftednba,2024-25
22,15.0,27.8,1.7 90%,Jaylin Williams,OKC,C,craftednba,2024-25
25,14.8,55.7,1.9 91%,Wendell Carter Jr.,ORL,C,craftednba,2024-25
24,14.6,42.8,2.1 92%,Jaxson Hayes,LAL,C,craftednba,2024-25
27,14.3,47.7,2.4 96%,Robert Williams III,POR,C,craftednba,2024-25
24,14.1,23.0,0.1 56%,Orlando Robinson,TOR,C,craftednba,2024-25
27,13.9,60.6,2 93%,Bam Adebayo,MIA,C,craftednba,2024-25
24,13.7,28.5,0.3 65%,Kai Jones,DAL,C,craftednba,2024-25
28,13.5,28.2,1.2 83%,Jordan McLaughlin,SAS,PG,craftednba,2024-25
23,13.2,17.8,-0.6 36%,Tyler Kolek,NYK,PG,craftednba,2024-25
22,13.0,46.8,1.7 87%,Ryan Rollins,MIL,PG,craftednba,2024-25
33,12.8,10.4,0.4 71%,Tristan Thompson,CLE,C,craftednba,2024-25
31,12.6,56.4,3.1 98%,Anthony Davis,DAL,C,craftednba,2024-25
31,12.3,36.9,1.7 90%,Steven Adams,HOU,C,craftednba,2024-25
24,12.1,47.0,-0.4 33%,Marcus Sasser,DET,PG,craftednba,2024-25
25,11.9,26.2,-0.1 48%,Trey Jemison,,C,craftednba,2024-25
23,11.7,34.9,0.2 61%,Karlo Matković,NOP,C,craftednba,2024-25
24,11.2,39.1,0.1 60%,Jalen Smith,CHI,PF,craftednba,2024-25
24,11.0,44.7,0.7 73%,Charles Bassey,SAS,C,craftednba,2024-25
28,10.8,50.8,2.1 95%,Kevon Looney,GSW,C,craftednba,2024-25
24,10.5,52.5,0.8 76%,Onyeka Okongwu,ATL,C,craftednba,2024-25
25,10.3,35.4,2.5 97%,Paul Reed,DET,PF,craftednba,2024-25
27,10.1,52.4,-0.5 23%,Nick Richards,PHX,C,craftednba,2024-25
25,9.9,33.4,0.1 58%,Marvin Bagley III,MEM,PF,craftednba,2024-25
26,9.6,54.5,2.3 94%,Jarrett Allen,CLE,C,craftednba,2024-25
27,9.4,36.4,0.9 75%,Drew Eubanks,LAC,C,craftednba,2024-25
26,9.2,55.9,3 99%,Isaiah Hartenstein,OKC,C,craftednba,2024-25
23,9.0,42.6,1.4 86%,Day'Ron Sharpe,BKN,C,craftednba,2024-25
23,8.7,66.3,1.8 89%,Walker Kessler,UTA,C,craftednba,2024-25
39,8.5,33.2,1 78%,Taj Gibson,CHA,C,craftednba,2024-25
26,8.3,56.6,1 77%,Daniel Gafford,DAL,C,craftednba,2024-25
20,8.1,56.4,-1.4 42%,Yves Missi,NOP,C,craftednba,2024-25
26,7.8,31.1,0.8 75%,Jericho Sims,MIL,C,craftednba,2024-25
27,7.6,53.9,3.1 99%,Ivica Zubac,LAC,C,craftednba,2024-25
20,7.4,39.9,2.2 97%,Donovan Clingan,POR,C,craftednba,2024-25
21,7.2,55.2,4 100%,Victor Wembanyama,SAS,C,craftednba,2024-25
34,7.0,51.1,1.5 85%,Mason Plumlee,PHX,C,craftednba,2024-25
27,6.7,45.3,1.3 84%,Zach Collins,CHI,C,craftednba,2024-25
36,6.5,48.9,2.7 96%,Brook Lopez,MIL,C,craftednba,2024-25
25,6.3,43.6,2.8 98%,Goga Bitadze,ORL,C,craftednba,2024-25
25,6.1,35.9,-0.3 39%,Oscar Tshiebwe,UTA,C,craftednba,2024-25
25,5.8,54.1,1.4 85%,Nic Claxton,BKN,C,craftednba,2024-25
32,5.6,39.5,0.4 68%,Daniel Theis,,C,craftednba,2024-25
20,5.4,34.0,1.1 83%,Kel'el Ware,MIA,C,craftednba,2024-25
26,5.2,59.4,0.4 67%,Deandre Ayton,POR,C,craftednba,2024-25
24,4.9,53.8,0.4 65%,Trayce Jackson-Davis,GSW,C,craftednba,2024-25
29,4.7,45.4,0.2 64%,Karl-Anthony Towns,NYK,C,craftednba,2024-25
23,4.5,47.6,2.1 94%,Isaiah Stewart,DET,C,craftednba,2024-25
19,4.3,55.5,-0.3 36%,Alex Sarr,WAS,PF,craftednba,2024-25
30,4.0,55.7,3.2 99%,Jusuf Nurkić,CHA,C,craftednba,2024-25
22,3.8,43.4,0.7 81%,Zach Edey,MEM,C,craftednba,2024-25
29,3.6,45.6,2.2 93%,Nikola Jokić,DEN,C,craftednba,2024-25
21,3.4,53.1,1.1 77%,Jalen Duren,DET,C,craftednba,2024-25
36,3.1,33.2,0.9 80%,DeAndre Jordan,DEN,C,craftednba,2024-25
29,3.0,48.0,1.2 81%,Jakob Pöltl,,C,craftednba,2024-25
31,2.9,45.2,0.4 69%,Andre Drummond,PHI,C,craftednba,2024-25
31,2.7,26.2,1.1 80%,Alex Len,LAL,C,craftednba,2024-25
32,2.5,48.1,3.8 99%,Rudy Gobert,MIN,C,craftednba,2024-25
26,2.2,30.5,2.1 93%,Mitchell Robinson,NYK,C,craftednba,2024-25
32,2.0,46.1,-0.2 38%,Jonas Valančiūnas,SAC,C,craftednba,2024-25
29,1.8,61.5,2.4 96%,Jakob Poeltl,TOR,C,craftednba,2024-25
32,1.6,28.6,0.9 80%,Bismack Biyombo,SAS,C,craftednba,2024-25
27,1.3,37.9,0 48%,Thomas Bryant,IND,C,craftednba,2024-25
34,1.1,50.6,-0.5 39%,Nikola Vučević,CHI,C,craftednba,2024-25
28,0.9,55.7,0.9 73%,Domantas Sabonis,SAC,C,craftednba,2024-25
28,0.7,47.6,1.7 89%,Myles Turner,IND,C,craftednba,2024-25
30,0.4,52.7,1.3 85%,Clint Capela,ATL,C,craftednba,2024-25
31,0.2,32.3,0.8 74%,Richaun Holmes,WAS,C,craftednba,2024-25
